{"cameraMode":{"drawMode":0,"name":"Shaded","section":"Shading Mode"},"sceneLighting":false,"audioPlay":false,"sceneViewState":{"showFog":false,"showMaterialUpdate":false,"showSkybox":false,"showFlares":false,"showImageEffects":false,"showParticleSystems":false},"in2DMode":false,"pivot":{"x":-22.55342674255371,"y":2.1209211349487306,"z":-11.691890716552735},"rotation":{"x":-0.009450232610106469,"y":0.9525400400161743,"z":-0.3028257489204407,"w":-0.029729384928941728},"size":0.5547655820846558,"orthographic":false}