{"cameraMode":{"drawMode":0,"name":"Shaded","section":"Shading Mode"},"sceneLighting":false,"audioPlay":false,"sceneViewState":{"showFog":false,"showMaterialUpdate":false,"showSkybox":false,"showFlares":false,"showImageEffects":false,"showParticleSystems":false},"in2DMode":false,"pivot":{"x":0.037119947373867038,"y":0.2529999911785126,"z":0.5226552486419678},"rotation":{"x":0.3005179166793823,"y":-0.07857435941696167,"z":0.024851296097040178,"w":0.9502145648002625},"size":0.07930947840213776,"orthographic":false}