{"cameraMode":{"drawMode":0,"name":"Shaded","section":"Shading Mode"},"sceneLighting":false,"audioPlay":false,"sceneViewState":{"showFog":false,"showMaterialUpdate":false,"showSkybox":false,"showFlares":false,"showImageEffects":false,"showParticleSystems":false},"in2DMode":false,"pivot":{"x":0.05141223222017288,"y":0.2530963122844696,"z":0.5167295336723328},"rotation":{"x":-0.17557214200496674,"y":0.6989327669143677,"z":-0.1835462599992752,"w":-0.6685733795166016},"size":0.10931242257356644,"orthographic":false}